Pelanggan,Orderan
1, 67; 83; 100; 37; 47; 96; 91; 42; 55; 18; 10; 35; 88; 74; 47; 72; 80; 39; 92; 8; 51; 47; 22; 69; 2; 50; 94; 83; 100; 96; 86; 44; 45; 63; 80; 44; 80; 43; 99; 78; 25; 99; 51; 83; 95; 42; 51; 97; 48; 22; 90; 25; 51; 72; 59; 64; 11; 72; 86; 96; 66; 48; 42; 83; 5; 90; 25; 28; 79; 3; 9; 17; 22; 88; 70; 41; 73; 91; 29; 68; 84; 38; 90; 57; 10; 64; 26; 28; 65; 25; 89; 89; 37; 65; 87; 57; 98; 64; 74; 5; 
2, 8; 73; 59; 80; 37; 37; 42; 34; 26; 95; 37; 91; 59; 27; 10; 52; 25; 72; 37; 54; 43; 79; 40; 90; 93; 34; 16; 42; 45; 49; 13; 91; 31; 64; 59; 66; 55; 62; 61; 68; 54; 78; 28; 82; 26; 93; 20; 71; 9; 48; 22; 86; 57; 87; 6; 35; 62; 3; 46; 81; 93; 1; 8; 6; 56; 89; 76; 1; 3; 18; 69; 45; 77; 55; 37; 58; 41; 7; 37; 88; 72; 30; 52; 60; 96; 1; 93; 37; 96; 5; 3; 32; 91; 11; 36; 15; 31; 83; 46; 82; 
3, 77; 87; 26; 44; 19; 38; 16; 71; 11; 91; 41; 33; 84; 96; 52; 71; 36; 1; 83; 94; 19; 83; 9; 72; 62; 57; 65; 61; 60; 42; 2; 56; 79; 83; 86; 61; 84; 40; 90; 57; 8; 59; 68; 57; 55; 70; 40; 96; 96; 75; 1; 28; 19; 57; 51; 40; 15; 85; 6; 83; 75; 99; 79; 17; 63; 27; 63; 5; 68; 9; 38; 3; 61; 61; 1; 32; 7; 51; 67; 42; 16; 7; 94; 70; 16; 44; 46; 90; 89; 29; 97; 84; 84; 81; 37; 82; 13; 100; 19; 66; 
4, 79; 47; 56; 78; 74; 71; 21; 70; 54; 11; 13; 55; 57; 84; 72; 96; 14; 76; 45; 82; 25; 15; 84; 73; 71; 36; 60; 74; 34; 48; 19; 54; 98; 20; 52; 62; 2; 42; 56; 71; 26; 55; 67; 12; 59; 88; 49; 42; 90; 11; 32; 94; 86; 68; 92; 15; 24; 97; 77; 95; 9; 84; 18; 64; 83; 48; 63; 54; 82; 39; 54; 3; 54; 2; 68; 12; 85; 66; 26; 13; 10; 47; 7; 96; 9; 92; 52; 63; 59; 20; 51; 70; 63; 80; 31; 3; 67; 21; 48; 27; 
5, 97; 40; 91; 59; 49; 77; 20; 1; 88; 89; 95; 55; 35; 84; 19; 16; 94; 99; 2; 23; 32; 4; 39; 34; 68; 4; 9; 10; 62; 86; 23; 4; 56; 86; 54; 30; 41; 31; 99; 4; 27; 98; 100; 86; 5; 25; 23; 76; 72; 61; 4; 21; 36; 93; 83; 41; 91; 99; 53; 58; 49; 60; 61; 2; 6; 20; 12; 80; 5; 8; 30; 36; 43; 14; 76; 84; 5; 34; 3; 34; 75; 82; 35; 4; 97; 99; 17; 56; 76; 71; 59; 72; 10; 45; 65; 13; 56; 52; 73; 69; 
6, 12; 53; 76; 18; 67; 95; 73; 91; 69; 52; 63; 86; 72; 62; 95; 80; 44; 63; 44; 78; 88; 3; 70; 37; 22; 25; 51; 76; 45; 89; 53; 29; 4; 65; 73; 26; 20; 74; 73; 63; 63; 22; 20; 58; 59; 52; 71; 5; 37; 89; 89; 48; 71; 70; 20; 39; 22; 79; 63; 1; 58; 98; 99; 44; 4; 29; 90; 91; 41; 71; 96; 34; 1; 65; 85; 40; 71; 50; 1; 96; 21; 56; 70; 70; 76; 62; 43; 80; 48; 11; 10; 81; 78; 61; 84; 87; 80; 56; 90; 91; 
7, 67; 97; 40; 5; 1; 8; 86; 88; 93; 18; 19; 52; 18; 12; 49; 95; 7; 29; 16; 51; 46; 38; 47; 19; 26; 16; 24; 52; 72; 58; 1; 27; 50; 90; 51; 61; 57; 43; 80; 16; 96; 22; 98; 52; 17; 61; 2; 53; 42; 36; 63; 48; 86; 35; 62; 9; 46; 17; 95; 41; 64; 60; 51; 58; 28; 65; 6; 73; 71; 55; 62; 29; 68; 16; 49; 98; 7; 92; 43; 77; 94; 11; 51; 36; 38; 86; 68; 16; 81; 94; 21; 57; 96; 5; 9; 66; 64; 77; 1; 93; 
8, 37; 27; 96; 22; 19; 61; 94; 45; 22; 81; 6; 74; 86; 38; 53; 97; 5; 20; 87; 7; 75; 100; 85; 40; 4; 14; 30; 67; 20; 40; 100; 73; 85; 68; 22; 17; 95; 85; 95; 77; 68; 87; 18; 2; 87; 33; 81; 9; 42; 13; 13; 91; 37; 23; 96; 27; 84; 62; 78; 79; 52; 40; 66; 69; 37; 53; 13; 99; 92; 80; 29; 15; 99; 2; 8; 85; 72; 32; 59; 63; 51; 95; 50; 76; 43; 87; 62; 28; 28; 21; 82; 48; 10; 75; 77; 85; 11; 58; 52; 60; 
9, 3; 46; 52; 73; 57; 63; 82; 77; 99; 11; 51; 43; 71; 96; 16; 85; 92; 76; 55; 49; 100; 84; 81; 66; 19; 91; 19; 98; 54; 88; 39; 83; 99; 3; 95; 97; 92; 53; 30; 20; 44; 13; 80; 97; 61; 52; 53; 31; 60; 21; 10; 77; 72; 22; 47; 91; 9; 73; 48; 54; 2; 14; 39; 37; 97; 10; 92; 2; 74; 72; 43; 74; 72; 56; 75; 45; 47; 18; 37; 66; 5; 84; 56; 100; 100; 96; 100; 25; 100; 53; 10; 27; 74; 93; 19; 53; 68; 73; 1; 36; 
10, 38; 9; 58; 1; 2; 42; 72; 91; 92; 10; 38; 25; 8; 4; 70; 2; 72; 57; 57; 96; 31; 67; 7; 28; 16; 44; 35; 21; 73; 75; 59; 3; 83; 55; 74; 27; 63; 13; 11; 36; 72; 41; 90; 93; 44; 12; 13; 83; 32; 86; 49; 18; 71; 67; 56; 73; 99; 31; 43; 14; 100; 59; 14; 59; 43; 35; 47; 60; 95; 47; 56; 31; 50; 62; 8; 34; 98; 50; 20; 67; 24; 26; 56; 89; 51; 52; 81; 75; 23; 19; 76; 95; 8; 2; 97; 5; 5; 88; 89; 13; 
11, 85; 5; 22; 68; 92; 38; 68; 79; 97; 32; 81; 71; 89; 97; 91; 13; 80; 100; 94; 16; 48; 60; 33; 70; 53; 5; 5; 68; 69; 54; 13; 18; 13; 19; 2; 91; 21; 56; 19; 17; 78; 59; 46; 22; 45; 28; 40; 27; 97; 49; 63; 10; 50; 92; 30; 4; 44; 2; 62; 27; 46; 10; 30; 27; 16; 69; 56; 24; 33; 64; 32; 72; 100; 39; 20; 71; 41; 46; 38; 47; 35; 97; 19; 96; 25; 17; 84; 32; 97; 86; 76; 80; 42; 64; 80; 23; 66; 15; 20; 23; 
12, 96; 63; 63; 63; 25; 48; 86; 32; 2; 87; 6; 41; 38; 54; 51; 70; 56; 11; 85; 3; 7; 81; 95; 34; 28; 98; 72; 95; 26; 69; 49; 1; 50; 100; 8; 99; 13; 54; 11; 93; 70; 28; 6; 68; 40; 5; 39; 92; 90; 77; 20; 9; 27; 98; 10; 6; 12; 35; 72; 55; 5; 58; 44; 20; 43; 96; 80; 24; 69; 37; 22; 48; 62; 76; 100; 77; 36; 27; 66; 78; 12; 63; 66; 18; 64; 95; 94; 6; 34; 20; 30; 66; 54; 92; 77; 54; 83; 2; 10; 25; 
13, 72; 52; 44; 82; 15; 80; 19; 80; 72; 2; 34; 92; 95; 66; 57; 53; 83; 47; 31; 8; 74; 99; 2; 89; 6; 66; 20; 82; 10; 94; 38; 3; 67; 61; 21; 52; 39; 59; 100; 100; 72; 19; 1; 43; 43; 77; 7; 26; 67; 33; 13; 14; 12; 27; 34; 59; 8; 11; 77; 88; 32; 61; 65; 13; 2; 99; 69; 73; 32; 98; 57; 22; 45; 97; 72; 46; 92; 96; 95; 67; 45; 43; 92; 2; 20; 33; 32; 37; 37; 40; 11; 1; 6; 14; 54; 49; 56; 45; 75; 53; 
14, 68; 48; 49; 73; 19; 38; 63; 88; 34; 24; 86; 50; 36; 35; 67; 27; 58; 44; 75; 67; 72; 90; 27; 31; 94; 42; 93; 13; 34; 100; 96; 40; 73; 69; 24; 18; 5; 77; 5; 7; 33; 61; 42; 80; 33; 23; 35; 97; 30; 9; 36; 25; 54; 55; 49; 56; 97; 96; 46; 73; 35; 17; 28; 14; 26; 10; 51; 29; 40; 49; 3; 31; 57; 1; 26; 8; 27; 5; 52; 1; 24; 83; 98; 38; 30; 20; 49; 3; 99; 12; 74; 2; 43; 66; 71; 32; 70; 78; 25; 2; 
15, 67; 48; 58; 62; 11; 31; 86; 23; 15; 78; 78; 17; 40; 54; 49; 3; 97; 81; 30; 71; 49; 75; 40; 68; 56; 68; 100; 72; 31; 10; 78; 72; 39; 60; 87; 93; 89; 64; 7; 73; 97; 6; 72; 19; 50; 95; 13; 7; 43; 66; 5; 63; 33; 52; 48; 39; 51; 79; 9; 44; 80; 13; 10; 24; 95; 39; 93; 5; 28; 82; 8; 37; 44; 45; 35; 18; 19; 33; 83; 15; 67; 46; 31; 88; 52; 76; 43; 50; 31; 7; 32; 35; 48; 35; 50; 81; 36; 3; 98; 1; 
16, 17; 24; 37; 8; 80; 43; 35; 46; 33; 25; 81; 47; 5; 55; 29; 3; 99; 62; 4; 34; 77; 47; 46; 21; 49; 85; 69; 60; 57; 25; 88; 77; 66; 19; 55; 18; 78; 51; 32; 79; 5; 30; 62; 75; 34; 80; 82; 97; 52; 50; 19; 6; 44; 17; 74; 70; 98; 18; 11; 37; 87; 93; 73; 17; 37; 66; 44; 6; 46; 43; 58; 53; 80; 36; 43; 18; 90; 64; 100; 72; 8; 97; 64; 27; 18; 84; 38; 67; 35; 62; 17; 47; 25; 63; 57; 29; 80; 70; 90; 49; 
17, 51; 46; 60; 9; 64; 52; 66; 100; 100; 4; 12; 82; 24; 87; 44; 5; 87; 99; 20; 2; 48; 35; 82; 39; 88; 39; 38; 18; 76; 66; 65; 86; 90; 47; 35; 45; 62; 85; 22; 55; 85; 33; 42; 94; 26; 98; 82; 35; 76; 36; 41; 65; 96; 30; 46; 57; 67; 33; 22; 82; 38; 94; 95; 83; 74; 59; 3; 95; 91; 44; 43; 37; 28; 5; 90; 28; 96; 84; 58; 75; 92; 13; 73; 47; 45; 93; 69; 73; 27; 16; 22; 3; 25; 79; 18; 14; 20; 31; 72; 54; 
18, 89; 72; 38; 47; 62; 17; 76; 61; 28; 5; 64; 6; 16; 47; 40; 68; 34; 35; 92; 66; 68; 42; 98; 12; 52; 48; 89; 27; 63; 5; 17; 90; 54; 61; 65; 56; 78; 41; 51; 99; 100; 84; 41; 87; 44; 74; 89; 96; 23; 77; 86; 92; 97; 61; 66; 97; 29; 46; 21; 75; 24; 62; 23; 51; 40; 40; 79; 81; 37; 33; 100; 84; 75; 61; 44; 84; 19; 54; 97; 83; 60; 14; 19; 45; 90; 7; 81; 38; 30; 12; 60; 74; 30; 86; 98; 50; 17; 56; 25; 38; 
19, 18; 97; 59; 7; 60; 65; 90; 53; 85; 39; 24; 85; 77; 38; 88; 11; 28; 22; 9; 80; 97; 90; 24; 28; 70; 97; 6; 57; 3; 58; 45; 10; 18; 85; 59; 8; 97; 95; 21; 44; 55; 85; 66; 99; 66; 82; 100; 62; 71; 71; 36; 81; 81; 41; 53; 48; 31; 94; 23; 22; 100; 37; 70; 70; 28; 12; 6; 75; 73; 55; 67; 99; 13; 72; 66; 40; 79; 25; 19; 68; 90; 18; 71; 15; 13; 4; 69; 31; 70; 67; 56; 84; 46; 33; 48; 18; 77; 36; 54; 88; 
20, 39; 62; 63; 35; 26; 15; 49; 40; 9; 76; 77; 99; 70; 11; 29; 29; 55; 12; 26; 60; 82; 59; 38; 75; 43; 71; 59; 97; 85; 59; 8; 75; 69; 100; 62; 23; 51; 92; 91; 75; 34; 6; 27; 35; 86; 22; 11; 7; 34; 84; 39; 37; 88; 1; 25; 19; 78; 23; 20; 60; 91; 7; 36; 81; 70; 44; 71; 32; 47; 49; 52; 65; 11; 15; 80; 66; 75; 43; 10; 65; 18; 49; 21; 91; 80; 71; 93; 8; 30; 15; 42; 39; 99; 58; 21; 21; 78; 94; 58; 42; 
21, 19; 36; 20; 63; 24; 56; 76; 69; 24; 46; 56; 59; 63; 73; 42; 49; 77; 35; 61; 87; 29; 85; 90; 13; 82; 73; 85; 95; 9; 10; 3; 8; 78; 55; 58; 55; 25; 77; 96; 3; 38; 38; 13; 66; 53; 43; 44; 1; 47; 90; 35; 50; 30; 53; 26; 63; 68; 60; 18; 31; 51; 29; 62; 43; 41; 15; 59; 59; 87; 24; 42; 26; 100; 89; 55; 48; 68; 80; 42; 20; 79; 96; 69; 67; 57; 94; 72; 80; 28; 39; 33; 1; 4; 55; 20; 63; 79; 16; 55; 78; 
22, 100; 75; 69; 23; 47; 53; 64; 51; 31; 10; 5; 13; 81; 69; 84; 5; 97; 100; 36; 86; 42; 54; 25; 89; 8; 54; 13; 39; 21; 58; 30; 48; 81; 30; 98; 6; 38; 60; 45; 2; 100; 45; 56; 53; 24; 9; 79; 28; 88; 76; 72; 14; 31; 17; 24; 64; 83; 77; 35; 16; 51; 37; 100; 57; 71; 16; 51; 30; 90; 40; 58; 5; 30; 84; 23; 80; 61; 20; 88; 12; 85; 57; 58; 23; 51; 19; 72; 40; 37; 97; 76; 45; 48; 97; 32; 93; 44; 13; 38; 84; 
23, 51; 94; 94; 64; 73; 87; 22; 70; 99; 2; 77; 66; 12; 55; 89; 7; 9; 14; 10; 35; 58; 32; 75; 16; 88; 82; 47; 13; 10; 50; 66; 39; 4; 86; 87; 52; 70; 35; 46; 94; 83; 11; 31; 80; 25; 43; 13; 7; 42; 5; 10; 24; 58; 94; 68; 19; 84; 79; 93; 51; 83; 58; 88; 29; 97; 4; 67; 43; 55; 43; 70; 32; 40; 70; 50; 68; 88; 9; 3; 87; 77; 87; 67; 43; 5; 61; 8; 54; 32; 42; 57; 49; 81; 50; 86; 24; 7; 92; 51; 51; 
24, 17; 7; 78; 38; 43; 65; 17; 13; 13; 35; 42; 10; 35; 61; 83; 93; 7; 32; 97; 6; 43; 77; 65; 58; 50; 56; 43; 12; 78; 18; 11; 35; 76; 32; 2; 90; 67; 70; 37; 75; 60; 31; 50; 73; 72; 15; 96; 20; 92; 48; 86; 43; 45; 58; 47; 74; 68; 95; 35; 58; 37; 57; 98; 99; 48; 58; 75; 9; 37; 78; 90; 70; 13; 13; 47; 43; 34; 90; 23; 22; 24; 19; 52; 5; 11; 79; 48; 57; 21; 25; 23; 6; 61; 99; 42; 19; 97; 87; 52; 70; 
25, 96; 61; 4; 67; 4; 80; 82; 5; 16; 28; 95; 70; 80; 25; 49; 71; 1; 65; 12; 12; 11; 14; 74; 36; 89; 22; 29; 7; 68; 62; 50; 54; 77; 56; 7; 76; 70; 24; 46; 59; 8; 2; 94; 55; 6; 49; 8; 38; 94; 76; 6; 65; 37; 74; 68; 7; 1; 76; 48; 52; 95; 80; 91; 61; 4; 17; 22; 51; 5; 2; 32; 29; 46; 43; 86; 12; 79; 63; 81; 97; 75; 24; 64; 46; 2; 2; 81; 95; 43; 23; 42; 65; 7; 27; 85; 14; 20; 32; 23; 91; 
26, 38; 9; 98; 18; 83; 1; 60; 38; 16; 79; 52; 89; 67; 73; 72; 78; 56; 62; 74; 14; 56; 28; 65; 73; 1; 78; 99; 22; 17; 95; 8; 27; 29; 6; 26; 86; 23; 75; 20; 30; 19; 99; 42; 18; 11; 59; 75; 61; 50; 92; 78; 54; 75; 19; 23; 94; 63; 30; 70; 33; 44; 45; 41; 58; 66; 44; 75; 15; 37; 4; 62; 89; 25; 36; 70; 12; 46; 1; 84; 11; 28; 87; 17; 84; 57; 84; 97; 40; 58; 2; 57; 38; 1; 74; 80; 53; 86; 19; 86; 35; 
27, 25; 46; 69; 41; 43; 48; 13; 14; 89; 9; 37; 5; 45; 32; 64; 19; 49; 63; 19; 5; 67; 7; 36; 30; 67; 89; 83; 41; 3; 88; 69; 23; 68; 51; 50; 100; 95; 18; 33; 25; 59; 5; 68; 73; 63; 61; 62; 68; 65; 44; 12; 2; 92; 4; 91; 61; 19; 48; 35; 75; 18; 82; 18; 18; 78; 29; 21; 17; 43; 7; 36; 20; 61; 87; 34; 57; 61; 90; 75; 39; 69; 15; 93; 4; 59; 57; 22; 86; 40; 97; 48; 50; 64; 42; 37; 97; 26; 14; 46; 96; 
28, 25; 66; 62; 52; 47; 37; 99; 40; 87; 90; 11; 11; 66; 44; 95; 6; 90; 47; 86; 30; 51; 33; 18; 66; 87; 31; 88; 96; 37; 23; 28; 30; 23; 51; 89; 49; 52; 4; 22; 18; 85; 13; 99; 37; 88; 30; 31; 31; 23; 13; 30; 28; 91; 28; 64; 59; 45; 33; 77; 42; 98; 12; 97; 5; 31; 3; 95; 98; 8; 4; 5; 99; 35; 3; 82; 1; 46; 55; 12; 62; 97; 12; 11; 46; 29; 98; 24; 97; 96; 65; 87; 96; 34; 21; 39; 95; 75; 46; 7; 56; 
29, 68; 9; 86; 7; 41; 49; 56; 50; 76; 93; 21; 56; 91; 67; 64; 9; 4; 75; 32; 44; 30; 94; 59; 90; 60; 62; 2; 39; 18; 22; 73; 59; 24; 47; 10; 47; 23; 75; 42; 97; 63; 81; 1; 2; 71; 58; 49; 72; 73; 91; 49; 41; 89; 5; 19; 79; 85; 14; 72; 41; 11; 25; 22; 62; 71; 90; 37; 65; 9; 80; 87; 78; 23; 96; 25; 65; 52; 22; 66; 57; 67; 78; 34; 87; 27; 21; 61; 92; 97; 59; 12; 41; 12; 51; 37; 23; 30; 14; 6; 67; 
30, 31; 72; 55; 52; 3; 24; 97; 35; 1; 90; 7; 17; 11; 36; 61; 61; 58; 87; 60; 53; 58; 40; 13; 91; 8; 87; 22; 55; 56; 30; 34; 84; 65; 24; 54; 92; 20; 26; 44; 54; 76; 35; 77; 24; 48; 48; 68; 85; 40; 86; 93; 77; 71; 4; 16; 39; 79; 13; 82; 49; 9; 8; 77; 92; 39; 99; 93; 66; 21; 6; 100; 81; 40; 52; 67; 73; 87; 44; 76; 59; 64; 42; 63; 65; 62; 52; 72; 90; 20; 90; 51; 43; 63; 42; 83; 87; 22; 89; 19; 21; 
31, 83; 39; 67; 36; 9; 98; 54; 77; 4; 70; 72; 25; 45; 51; 50; 9; 23; 65; 67; 27; 81; 81; 27; 9; 55; 94; 88; 62; 84; 75; 4; 42; 73; 15; 82; 88; 47; 71; 12; 71; 50; 88; 10; 72; 65; 23; 34; 44; 39; 45; 63; 70; 45; 19; 6; 69; 20; 98; 67; 27; 94; 48; 53; 81; 72; 69; 48; 99; 14; 6; 43; 4; 33; 36; 88; 77; 79; 75; 48; 71; 66; 21; 97; 39; 4; 47; 10; 33; 72; 63; 93; 4; 80; 1; 100; 1; 35; 48; 27; 3; 
32, 89; 28; 71; 40; 47; 83; 31; 47; 27; 1; 27; 18; 79; 1; 65; 2; 18; 9; 53; 97; 31; 81; 10; 96; 79; 81; 44; 83; 79; 58; 45; 3; 86; 59; 86; 94; 69; 77; 11; 38; 37; 52; 71; 64; 3; 5; 67; 91; 51; 2; 66; 14; 66; 20; 98; 31; 97; 17; 6; 67; 51; 85; 63; 62; 76; 19; 50; 44; 73; 82; 20; 22; 9; 17; 37; 78; 33; 93; 90; 35; 3; 45; 54; 4; 4; 48; 4; 97; 75; 8; 92; 40; 28; 62; 9; 95; 83; 63; 58; 11; 
33, 95; 90; 73; 95; 90; 23; 79; 47; 5; 12; 60; 56; 94; 47; 47; 99; 34; 69; 34; 34; 98; 82; 68; 63; 90; 5; 71; 43; 23; 99; 14; 62; 58; 41; 15; 21; 98; 15; 11; 73; 1; 56; 75; 20; 48; 3; 11; 82; 52; 55; 86; 31; 100; 64; 81; 47; 83; 98; 4; 99; 57; 52; 47; 47; 71; 66; 74; 61; 16; 64; 25; 65; 50; 87; 99; 66; 45; 77; 94; 58; 13; 25; 5; 59; 47; 17; 20; 18; 10; 33; 49; 60; 3; 33; 100; 51; 77; 83; 46; 58; 
34, 44; 2; 87; 50; 27; 51; 58; 82; 13; 70; 50; 11; 41; 93; 86; 89; 37; 57; 99; 73; 33; 70; 74; 1; 54; 58; 33; 25; 69; 58; 86; 96; 30; 6; 27; 74; 78; 90; 22; 1; 24; 29; 57; 100; 5; 33; 87; 75; 32; 61; 81; 35; 41; 89; 99; 5; 54; 52; 51; 94; 10; 37; 40; 7; 94; 19; 64; 70; 11; 33; 60; 13; 59; 75; 18; 38; 85; 91; 42; 68; 18; 21; 86; 2; 13; 54; 31; 2; 31; 67; 76; 30; 29; 34; 14; 67; 40; 1; 35; 30; 
35, 51; 61; 72; 44; 8; 91; 58; 68; 48; 97; 40; 21; 37; 83; 39; 27; 29; 96; 8; 24; 93; 81; 19; 56; 50; 34; 97; 84; 9; 17; 19; 77; 21; 80; 34; 64; 80; 69; 75; 64; 11; 76; 61; 40; 4; 42; 87; 5; 63; 33; 4; 97; 77; 17; 25; 81; 67; 65; 68; 15; 15; 31; 12; 99; 82; 23; 42; 71; 31; 18; 87; 79; 61; 20; 96; 7; 34; 11; 70; 54; 40; 15; 60; 70; 5; 76; 27; 41; 7; 19; 13; 90; 31; 61; 2; 86; 90; 77; 59; 80; 
36, 26; 33; 10; 64; 66; 45; 11; 32; 29; 40; 12; 67; 42; 16; 99; 88; 54; 64; 82; 35; 8; 60; 6; 15; 5; 30; 74; 20; 80; 8; 98; 44; 3; 23; 82; 1; 48; 67; 84; 81; 96; 76; 58; 39; 29; 34; 99; 66; 29; 68; 46; 72; 58; 16; 76; 69; 17; 27; 83; 78; 52; 83; 27; 49; 71; 47; 69; 43; 29; 10; 68; 33; 78; 72; 27; 64; 96; 54; 70; 40; 44; 21; 89; 96; 10; 19; 27; 32; 32; 22; 9; 83; 43; 37; 1; 21; 79; 66; 98; 9; 
37, 13; 81; 46; 61; 53; 67; 75; 83; 16; 60; 9; 66; 68; 30; 17; 86; 80; 68; 26; 77; 80; 31; 20; 64; 53; 88; 14; 14; 93; 54; 54; 68; 25; 90; 68; 47; 44; 30; 27; 79; 97; 16; 56; 80; 14; 40; 61; 31; 35; 49; 35; 10; 94; 80; 25; 25; 85; 82; 92; 66; 11; 18; 23; 92; 40; 15; 52; 64; 31; 88; 90; 1; 38; 42; 62; 11; 8; 50; 69; 79; 64; 28; 68; 9; 7; 100; 23; 58; 71; 53; 80; 64; 79; 67; 55; 65; 19; 26; 87; 61; 
38, 18; 86; 60; 53; 43; 49; 81; 65; 88; 24; 98; 9; 94; 95; 66; 36; 77; 28; 58; 30; 1; 59; 97; 56; 95; 75; 65; 26; 85; 69; 13; 77; 89; 2; 13; 58; 93; 43; 11; 12; 96; 11; 71; 78; 30; 80; 52; 49; 17; 74; 11; 5; 60; 85; 25; 7; 73; 58; 86; 28; 59; 13; 69; 44; 92; 95; 26; 73; 67; 19; 61; 67; 38; 94; 52; 45; 35; 76; 28; 15; 36; 26; 41; 45; 15; 15; 46; 47; 87; 3; 89; 66; 81; 6; 41; 6; 79; 54; 82; 42; 
39, 70; 80; 14; 66; 89; 6; 49; 64; 10; 91; 24; 27; 52; 63; 32; 40; 27; 13; 57; 78; 16; 26; 46; 73; 90; 72; 75; 27; 14; 77; 13; 100; 18; 95; 28; 5; 80; 70; 55; 9; 26; 41; 89; 63; 23; 97; 80; 66; 27; 7; 90; 7; 83; 20; 93; 49; 98; 15; 36; 16; 5; 96; 84; 64; 22; 29; 17; 33; 9; 78; 89; 12; 92; 70; 23; 81; 71; 64; 18; 89; 9; 88; 77; 54; 6; 28; 63; 89; 71; 15; 87; 28; 16; 46; 42; 74; 39; 72; 22; 60; 
40, 43; 59; 63; 46; 55; 82; 2; 51; 50; 41; 9; 23; 85; 50; 89; 19; 60; 15; 3; 42; 34; 92; 62; 10; 59; 79; 19; 9; 12; 81; 83; 68; 5; 12; 18; 51; 32; 92; 5; 91; 7; 92; 17; 96; 80; 72; 27; 34; 68; 63; 5; 12; 13; 50; 95; 8; 50; 7; 59; 78; 73; 72; 27; 88; 37; 18; 61; 67; 47; 18; 73; 72; 53; 40; 86; 34; 5; 37; 75; 27; 72; 63; 85; 82; 40; 36; 19; 53; 65; 56; 43; 17; 12; 25; 60; 72; 46; 16; 80; 17; 
41, 18; 71; 74; 82; 82; 77; 17; 15; 45; 22; 41; 67; 51; 29; 28; 93; 30; 4; 10; 26; 36; 27; 18; 13; 70; 96; 92; 96; 44; 15; 27; 82; 84; 74; 52; 66; 57; 36; 73; 75; 68; 48; 5; 69; 81; 61; 13; 1; 92; 4; 36; 61; 24; 2; 100; 47; 30; 84; 92; 48; 3; 13; 3; 37; 3; 24; 22; 66; 1; 68; 15; 88; 85; 5; 66; 73; 2; 35; 68; 65; 97; 13; 72; 12; 15; 88; 38; 91; 69; 3; 48; 97; 66; 61; 19; 71; 4; 94; 73; 48; 
42, 28; 65; 53; 11; 60; 98; 37; 99; 66; 76; 6; 34; 42; 27; 67; 1; 94; 38; 58; 96; 42; 20; 47; 37; 15; 64; 31; 24; 54; 66; 90; 19; 93; 4; 61; 31; 6; 7; 98; 31; 48; 80; 26; 64; 18; 31; 13; 98; 89; 91; 63; 27; 71; 34; 50; 46; 93; 56; 63; 4; 37; 57; 82; 26; 68; 69; 39; 30; 7; 76; 33; 45; 30; 49; 16; 74; 58; 99; 22; 74; 9; 75; 98; 80; 20; 90; 61; 39; 52; 85; 84; 22; 50; 91; 24; 16; 13; 98; 57; 89; 
43, 22; 13; 29; 86; 3; 90; 60; 85; 18; 71; 17; 29; 88; 87; 57; 10; 2; 13; 16; 80; 24; 42; 61; 14; 85; 95; 98; 54; 28; 37; 21; 56; 32; 13; 35; 52; 95; 16; 43; 5; 61; 5; 24; 64; 28; 67; 30; 30; 56; 33; 39; 21; 97; 35; 11; 22; 13; 47; 78; 65; 17; 78; 62; 26; 80; 54; 95; 9; 15; 21; 68; 81; 35; 52; 17; 49; 87; 57; 72; 27; 19; 47; 97; 79; 51; 17; 52; 8; 83; 46; 58; 98; 43; 12; 40; 8; 7; 2; 5; 64; 
44, 17; 49; 8; 26; 21; 100; 69; 62; 34; 28; 16; 98; 15; 51; 31; 28; 43; 15; 66; 93; 30; 95; 82; 76; 44; 95; 80; 73; 64; 7; 57; 73; 94; 30; 45; 31; 39; 20; 75; 2; 50; 61; 24; 51; 83; 9; 93; 14; 67; 78; 100; 64; 95; 96; 60; 42; 60; 100; 69; 35; 100; 35; 34; 57; 70; 91; 25; 66; 44; 5; 61; 37; 62; 54; 3; 30; 27; 60; 99; 4; 44; 28; 99; 18; 53; 51; 22; 62; 17; 42; 39; 43; 98; 63; 21; 2; 45; 93; 43; 24; 
45, 92; 60; 61; 83; 17; 42; 85; 94; 1; 6; 41; 58; 18; 96; 86; 63; 13; 50; 33; 80; 48; 38; 6; 100; 95; 47; 38; 74; 79; 70; 59; 84; 28; 51; 44; 36; 65; 82; 19; 40; 22; 14; 66; 72; 41; 59; 41; 54; 7; 35; 37; 94; 41; 87; 47; 48; 14; 8; 1; 55; 69; 46; 2; 96; 96; 47; 10; 20; 80; 65; 44; 15; 16; 35; 15; 98; 42; 84; 56; 60; 22; 63; 54; 69; 4; 97; 29; 48; 64; 87; 57; 95; 81; 76; 79; 1; 71; 72; 18; 76; 
46, 60; 72; 80; 16; 39; 19; 72; 1; 35; 4; 36; 37; 6; 14; 15; 74; 81; 65; 97; 35; 49; 15; 3; 9; 16; 92; 34; 94; 78; 86; 57; 55; 40; 26; 59; 3; 78; 88; 32; 64; 45; 13; 96; 92; 72; 72; 93; 24; 92; 66; 21; 6; 60; 75; 15; 54; 35; 79; 76; 29; 16; 5; 32; 69; 43; 87; 74; 72; 42; 27; 33; 98; 37; 26; 44; 14; 36; 49; 28; 55; 90; 92; 99; 85; 73; 47; 17; 20; 60; 16; 36; 91; 66; 81; 92; 90; 11; 80; 96; 62; 
47, 66; 68; 85; 73; 5; 36; 8; 83; 73; 56; 56; 91; 69; 40; 46; 76; 17; 58; 9; 13; 100; 39; 2; 79; 71; 66; 40; 46; 47; 68; 33; 13; 7; 91; 33; 92; 22; 62; 45; 90; 47; 7; 97; 52; 6; 22; 23; 30; 12; 74; 38; 27; 88; 5; 34; 11; 44; 47; 63; 41; 99; 72; 18; 59; 20; 76; 65; 36; 37; 41; 6; 60; 87; 1; 98; 99; 45; 61; 44; 15; 21; 37; 81; 24; 34; 13; 61; 68; 37; 70; 64; 100; 67; 79; 38; 74; 6; 71; 48; 15; 
48, 48; 44; 75; 69; 25; 17; 96; 26; 63; 93; 35; 9; 17; 100; 10; 91; 32; 96; 90; 29; 49; 69; 48; 29; 82; 85; 89; 47; 45; 56; 68; 75; 13; 47; 17; 48; 100; 72; 51; 79; 42; 87; 40; 2; 27; 100; 33; 24; 36; 65; 69; 43; 100; 41; 19; 34; 14; 95; 75; 65; 16; 70; 71; 59; 86; 95; 47; 74; 85; 83; 99; 81; 8; 58; 73; 71; 36; 19; 94; 72; 52; 72; 7; 78; 19; 31; 36; 38; 62; 100; 85; 29; 23; 47; 2; 94; 53; 75; 53; 6; 
49, 43; 60; 63; 84; 75; 74; 64; 91; 7; 22; 28; 9; 66; 14; 78; 74; 81; 57; 61; 89; 62; 49; 58; 23; 39; 62; 60; 74; 69; 20; 63; 26; 27; 48; 8; 68; 81; 100; 12; 15; 77; 97; 68; 85; 32; 31; 60; 62; 43; 96; 32; 88; 30; 69; 78; 6; 84; 66; 63; 91; 73; 81; 86; 88; 76; 35; 39; 78; 40; 3; 78; 51; 5; 20; 30; 75; 29; 17; 53; 42; 65; 64; 82; 57; 22; 72; 14; 83; 81; 56; 81; 55; 39; 74; 65; 36; 19; 81; 25; 52; 
50, 18; 52; 16; 50; 4; 54; 33; 71; 36; 7; 47; 84; 98; 56; 10; 74; 82; 51; 29; 74; 46; 24; 71; 40; 2; 96; 48; 19; 51; 53; 57; 36; 13; 38; 72; 1; 37; 93; 35; 45; 3; 90; 20; 66; 63; 70; 26; 86; 11; 74; 35; 18; 97; 46; 41; 68; 25; 27; 24; 1; 9; 77; 57; 45; 3; 25; 69; 72; 17; 47; 94; 13; 45; 20; 68; 100; 23; 5; 84; 100; 59; 7; 32; 88; 11; 86; 10; 25; 98; 33; 28; 74; 17; 48; 2; 7; 66; 86; 28; 70; 
51, 40; 82; 19; 47; 58; 64; 81; 12; 63; 32; 25; 19; 51; 8; 77; 24; 90; 100; 100; 58; 20; 12; 4; 73; 38; 13; 100; 54; 92; 4; 8; 92; 76; 96; 70; 84; 61; 19; 5; 68; 66; 53; 93; 12; 91; 65; 41; 37; 30; 68; 5; 63; 51; 100; 44; 79; 92; 58; 87; 42; 92; 72; 25; 54; 40; 47; 10; 75; 4; 84; 23; 40; 33; 62; 79; 72; 79; 77; 44; 80; 38; 94; 78; 49; 75; 12; 33; 87; 28; 17; 91; 32; 90; 53; 31; 91; 6; 57; 13; 92; 
52, 42; 100; 3; 14; 55; 16; 1; 92; 20; 84; 91; 85; 23; 61; 23; 46; 63; 88; 22; 62; 62; 87; 15; 78; 49; 32; 83; 56; 71; 95; 57; 71; 87; 46; 58; 56; 37; 96; 65; 10; 52; 23; 16; 71; 69; 7; 95; 80; 53; 32; 47; 100; 25; 8; 48; 46; 3; 40; 4; 28; 2; 21; 91; 52; 79; 86; 95; 66; 14; 68; 52; 64; 8; 45; 94; 67; 26; 70; 27; 1; 76; 10; 41; 85; 25; 68; 34; 87; 7; 9; 2; 73; 31; 91; 74; 23; 18; 53; 22; 62; 
53, 67; 21; 98; 33; 88; 2; 50; 64; 5; 96; 55; 31; 56; 19; 82; 96; 7; 43; 8; 69; 93; 60; 38; 65; 47; 8; 40; 5; 88; 58; 63; 50; 95; 3; 90; 34; 33; 51; 38; 64; 24; 47; 19; 2; 93; 1; 37; 18; 3; 41; 20; 45; 61; 16; 18; 48; 66; 10; 39; 24; 77; 94; 23; 90; 75; 77; 62; 33; 1; 16; 80; 65; 15; 64; 7; 76; 95; 47; 87; 46; 52; 18; 44; 9; 51; 89; 20; 91; 55; 56; 8; 10; 33; 68; 53; 87; 31; 9; 52; 47; 
54, 86; 31; 55; 11; 75; 55; 94; 2; 14; 98; 14; 93; 23; 94; 49; 47; 63; 12; 28; 42; 51; 9; 7; 94; 84; 24; 25; 33; 38; 62; 4; 57; 58; 38; 56; 7; 40; 56; 5; 45; 95; 65; 49; 91; 19; 48; 55; 25; 21; 32; 88; 93; 5; 15; 87; 52; 86; 47; 100; 72; 44; 51; 100; 62; 79; 13; 53; 53; 85; 43; 72; 23; 84; 61; 36; 3; 5; 14; 69; 9; 57; 46; 10; 55; 98; 20; 86; 53; 23; 8; 17; 7; 18; 90; 75; 94; 95; 39; 69; 93; 
55, 66; 4; 39; 98; 38; 16; 75; 78; 44; 98; 89; 46; 7; 1; 5; 89; 9; 81; 90; 43; 64; 36; 16; 47; 20; 33; 48; 89; 16; 16; 52; 38; 84; 19; 30; 21; 9; 17; 59; 40; 53; 53; 37; 56; 79; 98; 30; 78; 71; 90; 80; 32; 87; 30; 73; 92; 93; 85; 8; 99; 52; 33; 43; 57; 23; 43; 84; 57; 49; 54; 3; 64; 52; 31; 45; 48; 73; 92; 76; 23; 80; 11; 43; 66; 29; 18; 93; 45; 38; 46; 14; 25; 93; 41; 41; 77; 86; 2; 98; 88; 
56, 83; 15; 99; 59; 36; 65; 67; 92; 77; 99; 43; 88; 67; 48; 81; 67; 70; 69; 47; 75; 50; 16; 36; 17; 58; 17; 6; 19; 86; 90; 92; 55; 13; 80; 96; 33; 13; 65; 62; 54; 67; 24; 43; 93; 12; 73; 4; 46; 99; 82; 19; 49; 78; 51; 20; 33; 78; 28; 90; 79; 46; 76; 22; 91; 68; 50; 81; 37; 96; 27; 97; 17; 35; 6; 61; 21; 92; 78; 45; 28; 98; 74; 2; 28; 81; 11; 43; 84; 43; 10; 6; 96; 47; 29; 19; 59; 73; 97; 30; 72; 
57, 45; 97; 61; 33; 58; 10; 84; 37; 83; 99; 16; 15; 60; 28; 55; 12; 20; 68; 33; 42; 36; 36; 33; 32; 36; 67; 36; 67; 54; 35; 84; 30; 95; 10; 58; 26; 10; 35; 84; 44; 84; 99; 8; 53; 50; 65; 46; 61; 62; 66; 2; 7; 45; 61; 99; 12; 38; 15; 1; 75; 88; 66; 73; 58; 82; 86; 51; 76; 64; 61; 77; 15; 59; 48; 55; 24; 14; 99; 71; 26; 76; 68; 69; 3; 93; 30; 9; 55; 76; 13; 50; 19; 64; 50; 31; 93; 19; 88; 13; 100; 
58, 81; 69; 48; 58; 5; 24; 31; 30; 94; 41; 63; 31; 73; 80; 56; 63; 50; 6; 42; 91; 83; 85; 47; 48; 100; 38; 42; 71; 58; 50; 97; 20; 83; 34; 64; 64; 18; 40; 65; 66; 64; 20; 53; 30; 14; 44; 73; 18; 79; 13; 58; 21; 43; 70; 47; 96; 78; 42; 88; 63; 86; 62; 8; 22; 75; 65; 81; 90; 41; 5; 45; 80; 46; 3; 41; 69; 43; 5; 32; 43; 84; 52; 5; 88; 55; 42; 39; 53; 20; 75; 95; 42; 8; 73; 97; 53; 98; 57; 64; 48; 
59, 79; 53; 74; 65; 82; 99; 15; 9; 75; 80; 47; 12; 21; 58; 48; 17; 27; 67; 87; 6; 32; 100; 90; 56; 19; 7; 91; 5; 30; 82; 24; 17; 75; 21; 73; 99; 38; 34; 76; 65; 98; 47; 44; 29; 6; 20; 46; 12; 76; 35; 3; 63; 12; 18; 34; 96; 56; 84; 33; 6; 65; 53; 41; 90; 54; 13; 3; 32; 76; 39; 23; 58; 9; 87; 49; 44; 11; 61; 99; 44; 58; 24; 94; 24; 2; 76; 65; 27; 94; 24; 64; 24; 93; 21; 51; 43; 47; 8; 49; 15; 
60, 90; 43; 69; 20; 92; 76; 87; 54; 88; 45; 44; 34; 72; 12; 85; 18; 9; 86; 65; 88; 14; 35; 76; 88; 8; 51; 99; 95; 55; 24; 6; 28; 23; 25; 40; 22; 66; 62; 49; 60; 69; 37; 72; 66; 82; 89; 80; 39; 29; 85; 30; 88; 31; 49; 48; 25; 16; 74; 80; 39; 66; 8; 12; 15; 50; 82; 58; 5; 15; 72; 54; 17; 90; 96; 91; 71; 1; 88; 51; 61; 77; 53; 62; 99; 30; 94; 42; 55; 75; 19; 30; 67; 6; 43; 69; 40; 25; 1; 78; 81; 
61, 25; 40; 61; 61; 91; 67; 69; 70; 29; 73; 46; 75; 87; 8; 39; 97; 15; 41; 64; 22; 76; 84; 17; 54; 90; 27; 99; 19; 7; 54; 37; 37; 5; 13; 63; 12; 1; 1; 11; 91; 9; 20; 32; 37; 50; 84; 24; 9; 17; 64; 95; 6; 62; 12; 74; 97; 96; 70; 54; 69; 8; 34; 54; 10; 37; 26; 8; 98; 38; 99; 64; 49; 10; 73; 90; 67; 26; 13; 66; 100; 16; 13; 54; 39; 43; 76; 32; 20; 64; 61; 72; 37; 96; 64; 73; 64; 37; 76; 3; 15; 
62, 95; 43; 76; 5; 3; 43; 40; 57; 14; 42; 95; 21; 25; 50; 15; 50; 42; 22; 52; 62; 55; 57; 35; 87; 47; 16; 26; 94; 96; 80; 90; 60; 100; 84; 16; 30; 49; 80; 94; 56; 16; 27; 65; 93; 80; 93; 48; 45; 31; 46; 40; 44; 25; 32; 80; 15; 80; 43; 86; 21; 99; 12; 79; 48; 49; 7; 94; 98; 31; 26; 11; 22; 27; 84; 11; 4; 44; 39; 78; 6; 13; 3; 42; 78; 77; 19; 63; 41; 5; 57; 79; 69; 54; 13; 27; 91; 75; 99; 13; 35; 
63, 62; 67; 37; 41; 67; 87; 82; 42; 29; 32; 17; 92; 38; 49; 42; 87; 64; 38; 60; 13; 45; 33; 52; 85; 63; 75; 34; 25; 24; 53; 54; 53; 22; 33; 30; 100; 80; 53; 37; 90; 61; 56; 57; 55; 5; 1; 94; 80; 81; 72; 78; 92; 24; 59; 82; 94; 5; 6; 87; 50; 42; 55; 35; 37; 18; 29; 14; 7; 94; 40; 48; 13; 29; 87; 45; 39; 66; 82; 32; 80; 100; 55; 26; 36; 42; 75; 7; 48; 86; 14; 71; 6; 51; 88; 34; 59; 42; 100; 43; 90; 
64, 29; 95; 35; 94; 23; 13; 58; 69; 49; 48; 31; 61; 51; 70; 8; 95; 39; 78; 42; 34; 86; 78; 70; 14; 24; 97; 10; 47; 87; 4; 31; 38; 17; 19; 47; 74; 7; 61; 72; 27; 46; 92; 67; 85; 31; 76; 96; 84; 68; 28; 63; 61; 54; 32; 48; 12; 90; 17; 84; 100; 64; 18; 80; 17; 38; 27; 35; 89; 24; 41; 71; 27; 13; 74; 29; 56; 31; 7; 86; 59; 47; 88; 39; 52; 90; 82; 5; 6; 91; 33; 94; 87; 27; 22; 40; 25; 49; 12; 3; 2; 
65, 95; 55; 99; 12; 82; 76; 56; 67; 76; 77; 57; 97; 77; 38; 4; 33; 53; 2; 76; 3; 1; 36; 95; 39; 97; 99; 19; 21; 36; 89; 23; 98; 48; 17; 63; 22; 97; 61; 8; 66; 33; 83; 38; 4; 38; 98; 65; 10; 32; 98; 7; 19; 34; 66; 19; 2; 8; 7; 15; 57; 64; 62; 16; 57; 81; 33; 80; 17; 46; 74; 41; 5; 44; 85; 61; 94; 38; 57; 67; 35; 50; 51; 92; 70; 16; 4; 7; 97; 32; 29; 46; 77; 41; 16; 93; 98; 77; 60; 6; 61; 
66, 33; 49; 24; 75; 9; 99; 78; 89; 5; 59; 20; 49; 87; 46; 43; 81; 2; 45; 86; 19; 28; 12; 9; 53; 27; 22; 23; 58; 74; 2; 21; 43; 90; 86; 60; 73; 9; 25; 20; 35; 28; 67; 63; 80; 80; 1; 78; 86; 87; 73; 16; 42; 41; 41; 92; 10; 31; 80; 100; 29; 8; 95; 4; 90; 17; 7; 94; 86; 79; 75; 13; 3; 89; 5; 88; 4; 93; 61; 35; 43; 49; 21; 41; 31; 6; 81; 7; 83; 23; 19; 6; 86; 20; 47; 48; 53; 35; 94; 72; 75; 
67, 56; 97; 79; 94; 45; 54; 83; 64; 9; 21; 3; 27; 43; 25; 50; 53; 52; 18; 65; 95; 96; 35; 96; 26; 94; 26; 85; 62; 38; 55; 8; 68; 88; 79; 11; 74; 53; 65; 1; 65; 53; 83; 86; 18; 1; 72; 98; 21; 70; 65; 99; 56; 7; 38; 87; 41; 53; 44; 23; 97; 95; 61; 77; 12; 26; 16; 28; 33; 43; 14; 53; 6; 85; 62; 84; 92; 94; 30; 93; 87; 77; 26; 17; 37; 94; 35; 50; 10; 73; 64; 14; 4; 18; 76; 28; 20; 7; 70; 91; 65; 
68, 29; 98; 40; 8; 11; 57; 44; 6; 20; 35; 32; 27; 88; 9; 79; 39; 79; 15; 57; 66; 39; 64; 89; 16; 92; 13; 71; 84; 34; 55; 9; 56; 25; 4; 56; 67; 30; 66; 92; 54; 26; 8; 98; 64; 100; 98; 45; 48; 64; 96; 12; 89; 39; 74; 53; 46; 27; 3; 32; 40; 99; 96; 8; 69; 49; 81; 75; 98; 40; 91; 38; 50; 48; 61; 27; 46; 16; 93; 74; 62; 43; 41; 35; 74; 88; 60; 58; 17; 9; 19; 95; 35; 96; 58; 96; 16; 31; 20; 57; 75; 
69, 77; 74; 82; 1; 86; 61; 27; 55; 93; 93; 39; 59; 62; 47; 67; 22; 55; 92; 96; 13; 96; 8; 30; 57; 70; 31; 71; 38; 61; 6; 40; 83; 82; 37; 86; 83; 100; 64; 55; 17; 19; 44; 12; 53; 55; 77; 39; 53; 39; 3; 94; 30; 25; 11; 55; 72; 24; 12; 31; 29; 77; 21; 66; 1; 27; 29; 36; 68; 38; 11; 98; 97; 25; 44; 53; 71; 56; 72; 60; 98; 85; 37; 9; 92; 57; 10; 89; 94; 99; 25; 1; 91; 57; 4; 10; 67; 71; 22; 69; 64; 
70, 80; 1; 40; 2; 79; 3; 5; 30; 15; 39; 17; 66; 84; 86; 9; 3; 50; 16; 13; 99; 18; 85; 33; 15; 12; 33; 72; 78; 54; 44; 61; 96; 78; 10; 98; 9; 94; 59; 81; 84; 75; 15; 86; 76; 93; 6; 46; 88; 86; 2; 69; 9; 50; 74; 27; 25; 97; 60; 25; 41; 89; 47; 68; 98; 100; 7; 59; 46; 46; 9; 21; 7; 43; 38; 31; 30; 79; 89; 84; 61; 76; 66; 15; 6; 38; 27; 94; 41; 66; 5; 96; 93; 52; 82; 14; 44; 18; 99; 39; 72; 
71, 78; 33; 53; 77; 89; 67; 32; 89; 47; 58; 54; 64; 59; 72; 74; 30; 100; 51; 19; 35; 62; 13; 17; 74; 70; 11; 50; 53; 68; 87; 38; 84; 35; 95; 37; 8; 88; 91; 70; 96; 9; 7; 29; 56; 93; 59; 67; 67; 84; 68; 78; 75; 8; 27; 85; 23; 64; 1; 65; 25; 78; 94; 21; 81; 28; 75; 36; 63; 80; 96; 40; 5; 88; 83; 9; 81; 25; 3; 69; 91; 15; 100; 3; 70; 10; 56; 2; 25; 81; 75; 95; 44; 88; 36; 79; 17; 30; 41; 99; 50; 
72, 25; 78; 67; 45; 4; 45; 38; 96; 66; 29; 36; 66; 77; 8; 42; 15; 11; 71; 94; 72; 34; 11; 51; 27; 83; 66; 96; 46; 44; 97; 50; 2; 38; 44; 41; 7; 58; 22; 67; 7; 86; 28; 100; 70; 49; 29; 78; 70; 3; 97; 69; 51; 38; 99; 95; 80; 65; 52; 77; 56; 15; 2; 49; 37; 53; 78; 24; 49; 86; 58; 74; 36; 72; 36; 42; 25; 67; 93; 96; 59; 70; 77; 21; 15; 86; 88; 21; 49; 91; 8; 16; 61; 54; 10; 3; 13; 25; 41; 24; 84; 
73, 59; 46; 57; 34; 96; 54; 33; 7; 52; 45; 48; 86; 36; 87; 16; 48; 37; 98; 58; 29; 90; 20; 64; 67; 10; 35; 6; 56; 10; 20; 63; 91; 65; 36; 41; 77; 1; 25; 49; 85; 100; 12; 13; 19; 5; 20; 93; 61; 92; 13; 53; 80; 64; 44; 62; 42; 6; 3; 76; 72; 84; 79; 51; 36; 90; 9; 9; 61; 61; 86; 7; 79; 46; 64; 69; 59; 89; 15; 53; 35; 78; 1; 88; 34; 10; 71; 20; 83; 19; 92; 66; 56; 91; 71; 23; 48; 59; 12; 51; 74; 
74, 27; 80; 73; 25; 91; 16; 10; 60; 4; 25; 78; 33; 16; 58; 33; 11; 17; 57; 73; 18; 29; 99; 79; 61; 75; 55; 55; 82; 86; 55; 81; 84; 23; 28; 45; 82; 50; 72; 5; 100; 30; 5; 67; 69; 14; 75; 17; 48; 43; 79; 29; 47; 95; 88; 9; 73; 44; 20; 32; 39; 7; 21; 68; 72; 25; 1; 3; 67; 64; 83; 26; 34; 47; 3; 61; 49; 71; 94; 48; 99; 70; 36; 52; 89; 37; 15; 74; 14; 18; 5; 29; 39; 37; 89; 51; 61; 29; 87; 33; 23; 
75, 32; 67; 48; 6; 43; 28; 45; 5; 19; 70; 46; 82; 28; 44; 15; 21; 56; 8; 83; 70; 66; 51; 82; 33; 73; 33; 52; 83; 15; 43; 77; 12; 59; 58; 89; 5; 82; 99; 72; 22; 31; 18; 26; 40; 11; 72; 61; 94; 76; 95; 95; 11; 2; 29; 96; 22; 87; 11; 77; 22; 87; 96; 99; 43; 68; 25; 3; 13; 8; 89; 21; 32; 3; 51; 53; 73; 49; 20; 26; 13; 80; 99; 72; 96; 59; 83; 34; 22; 85; 89; 75; 86; 17; 18; 81; 31; 40; 100; 15; 52; 
76, 10; 97; 33; 75; 62; 18; 71; 18; 32; 83; 67; 98; 9; 34; 48; 2; 45; 58; 20; 32; 38; 65; 66; 7; 65; 38; 25; 30; 58; 91; 77; 76; 6; 59; 70; 66; 49; 33; 80; 89; 30; 13; 99; 33; 54; 62; 12; 99; 72; 81; 6; 50; 56; 64; 94; 2; 55; 60; 2; 13; 79; 98; 96; 67; 97; 92; 14; 66; 67; 81; 76; 4; 21; 78; 46; 29; 19; 5; 8; 4; 89; 44; 9; 33; 79; 94; 46; 5; 20; 47; 100; 7; 15; 61; 93; 60; 11; 27; 77; 46; 
77, 65; 38; 94; 29; 72; 47; 8; 11; 78; 61; 40; 62; 22; 24; 55; 16; 48; 15; 88; 6; 46; 95; 56; 89; 93; 80; 24; 36; 85; 73; 9; 71; 34; 40; 15; 18; 10; 24; 14; 98; 36; 39; 43; 20; 28; 61; 99; 72; 7; 19; 22; 64; 18; 64; 53; 83; 61; 90; 5; 41; 37; 69; 64; 73; 87; 42; 55; 10; 69; 79; 63; 43; 100; 40; 70; 38; 52; 29; 50; 28; 31; 29; 8; 71; 80; 79; 55; 61; 44; 69; 68; 17; 65; 72; 65; 84; 55; 98; 2; 70; 
78, 4; 71; 4; 50; 56; 90; 89; 12; 32; 59; 78; 74; 24; 11; 20; 8; 49; 8; 34; 58; 30; 60; 36; 66; 47; 25; 29; 19; 7; 23; 11; 88; 39; 41; 35; 42; 92; 5; 32; 62; 90; 52; 66; 75; 11; 43; 92; 69; 23; 10; 63; 35; 58; 62; 98; 82; 29; 16; 30; 31; 54; 60; 51; 33; 46; 35; 66; 69; 41; 87; 91; 77; 48; 46; 46; 39; 52; 55; 65; 68; 15; 97; 73; 51; 97; 52; 18; 92; 17; 30; 42; 79; 9; 67; 22; 14; 93; 29; 72; 52; 
79, 10; 31; 17; 63; 80; 33; 39; 65; 10; 73; 31; 79; 38; 73; 48; 35; 54; 54; 8; 36; 13; 58; 8; 44; 36; 70; 8; 66; 19; 25; 30; 98; 28; 13; 7; 10; 96; 67; 68; 14; 90; 91; 6; 28; 14; 59; 85; 31; 2; 53; 99; 11; 43; 28; 25; 82; 62; 54; 53; 33; 46; 70; 2; 69; 95; 52; 85; 1; 62; 27; 33; 14; 83; 95; 17; 18; 49; 35; 7; 18; 72; 7; 61; 75; 73; 97; 84; 52; 75; 23; 84; 63; 1; 81; 74; 21; 86; 2; 87; 4; 
80, 52; 14; 54; 16; 10; 50; 14; 38; 65; 28; 46; 69; 9; 96; 20; 54; 1; 32; 61; 51; 32; 85; 6; 76; 80; 96; 73; 32; 57; 41; 92; 47; 76; 22; 24; 9; 58; 60; 87; 26; 96; 18; 86; 44; 44; 82; 77; 27; 53; 86; 4; 19; 97; 28; 19; 89; 79; 31; 64; 64; 57; 78; 81; 79; 9; 75; 90; 72; 40; 81; 28; 11; 56; 18; 88; 46; 50; 36; 87; 70; 52; 50; 94; 87; 57; 92; 91; 68; 11; 69; 90; 77; 6; 46; 79; 54; 26; 39; 88; 35; 
81, 91; 52; 83; 10; 19; 3; 35; 80; 42; 94; 68; 43; 77; 89; 26; 69; 48; 1; 85; 71; 30; 50; 91; 85; 47; 31; 47; 66; 49; 65; 95; 28; 72; 95; 90; 82; 55; 45; 43; 78; 9; 75; 26; 30; 66; 26; 28; 66; 28; 90; 43; 53; 69; 91; 63; 50; 1; 26; 8; 58; 53; 38; 6; 95; 27; 69; 83; 71; 90; 49; 57; 51; 14; 69; 82; 11; 10; 41; 16; 49; 42; 41; 75; 2; 60; 3; 43; 20; 23; 31; 52; 10; 70; 64; 69; 49; 95; 37; 64; 33; 
82, 27; 42; 7; 44; 50; 54; 84; 91; 53; 87; 95; 84; 93; 56; 54; 22; 15; 2; 86; 25; 14; 13; 88; 22; 68; 79; 36; 22; 16; 13; 33; 17; 25; 17; 87; 45; 25; 67; 31; 21; 19; 95; 84; 75; 10; 49; 79; 54; 14; 65; 20; 87; 41; 78; 84; 74; 26; 14; 32; 18; 7; 43; 24; 9; 62; 41; 17; 45; 10; 60; 100; 73; 15; 17; 27; 36; 60; 22; 24; 20; 34; 63; 50; 54; 5; 89; 36; 71; 14; 9; 40; 24; 24; 88; 99; 55; 81; 50; 63; 13; 
83, 2; 70; 8; 99; 95; 10; 61; 33; 20; 96; 59; 6; 89; 1; 23; 55; 25; 97; 36; 19; 43; 77; 48; 4; 26; 80; 79; 81; 82; 13; 39; 60; 12; 46; 92; 91; 46; 82; 97; 42; 77; 63; 17; 3; 16; 38; 99; 62; 58; 100; 67; 96; 65; 1; 24; 64; 58; 75; 28; 41; 5; 38; 77; 40; 56; 75; 75; 1; 4; 12; 87; 24; 5; 99; 37; 91; 68; 59; 94; 35; 55; 8; 98; 37; 32; 61; 85; 34; 87; 97; 74; 30; 41; 39; 15; 15; 35; 100; 96; 30; 
84, 25; 12; 20; 43; 8; 72; 33; 50; 47; 31; 69; 13; 29; 26; 97; 26; 12; 14; 54; 91; 49; 6; 24; 97; 48; 63; 75; 13; 9; 65; 70; 32; 37; 14; 34; 15; 51; 14; 99; 41; 6; 10; 87; 57; 76; 42; 7; 99; 21; 63; 68; 94; 18; 78; 27; 96; 93; 55; 32; 19; 1; 45; 74; 21; 68; 59; 23; 51; 41; 25; 44; 14; 94; 17; 68; 79; 55; 17; 42; 5; 95; 1; 57; 88; 67; 1; 31; 77; 44; 41; 38; 81; 76; 22; 12; 100; 22; 51; 15; 96; 
85, 7; 48; 64; 7; 45; 39; 28; 50; 66; 88; 72; 70; 94; 63; 99; 13; 67; 18; 76; 22; 85; 12; 42; 71; 13; 98; 39; 9; 8; 65; 68; 26; 41; 25; 35; 6; 33; 40; 96; 87; 38; 26; 2; 84; 98; 6; 18; 32; 63; 19; 41; 9; 96; 53; 51; 92; 77; 19; 36; 61; 4; 25; 20; 60; 2; 26; 100; 89; 68; 45; 63; 93; 67; 46; 40; 30; 12; 29; 12; 51; 50; 2; 80; 85; 41; 43; 1; 57; 23; 23; 36; 62; 75; 31; 38; 95; 75; 48; 72; 60; 
86, 4; 74; 33; 69; 20; 36; 89; 80; 78; 36; 55; 55; 22; 84; 99; 55; 28; 95; 4; 17; 100; 11; 33; 58; 85; 12; 67; 86; 15; 16; 35; 77; 87; 13; 43; 55; 25; 83; 50; 58; 61; 52; 98; 7; 59; 57; 35; 77; 30; 100; 21; 85; 96; 75; 27; 91; 98; 16; 93; 7; 94; 60; 65; 53; 15; 44; 8; 71; 92; 61; 35; 88; 21; 32; 45; 41; 18; 10; 27; 52; 5; 90; 99; 29; 22; 7; 36; 35; 83; 86; 2; 39; 70; 29; 34; 97; 87; 35; 88; 92; 
87, 2; 68; 88; 35; 55; 76; 37; 21; 26; 13; 17; 37; 22; 90; 87; 13; 46; 31; 70; 49; 10; 30; 89; 29; 44; 79; 5; 96; 74; 9; 95; 31; 98; 42; 89; 65; 41; 85; 21; 69; 52; 26; 19; 59; 97; 75; 15; 48; 5; 87; 54; 54; 40; 1; 79; 39; 99; 74; 91; 33; 74; 10; 18; 47; 33; 53; 41; 4; 56; 7; 57; 71; 64; 63; 10; 22; 90; 90; 17; 47; 83; 54; 12; 76; 18; 2; 95; 74; 56; 82; 64; 71; 18; 67; 8; 69; 66; 30; 2; 71; 
88, 77; 56; 17; 15; 81; 7; 82; 86; 34; 18; 44; 81; 99; 34; 31; 73; 54; 85; 33; 69; 98; 26; 32; 11; 98; 39; 22; 81; 18; 29; 42; 94; 58; 55; 30; 43; 51; 62; 70; 15; 43; 7; 21; 3; 73; 1; 93; 15; 45; 15; 89; 73; 31; 40; 50; 46; 18; 55; 30; 38; 88; 62; 53; 22; 57; 33; 55; 32; 72; 59; 52; 38; 90; 38; 30; 65; 2; 37; 48; 52; 16; 51; 36; 82; 7; 58; 23; 77; 25; 98; 18; 41; 10; 41; 45; 1; 80; 76; 64; 49; 
89, 93; 16; 98; 65; 84; 70; 37; 86; 54; 12; 85; 95; 21; 82; 61; 76; 75; 34; 27; 54; 25; 80; 25; 34; 76; 9; 8; 57; 21; 24; 98; 80; 12; 23; 69; 90; 67; 12; 82; 59; 88; 3; 64; 8; 22; 19; 48; 30; 6; 30; 14; 59; 45; 62; 8; 16; 67; 60; 47; 92; 14; 3; 20; 82; 97; 37; 8; 28; 84; 23; 99; 64; 77; 38; 40; 8; 94; 59; 22; 93; 45; 83; 56; 11; 69; 99; 49; 77; 19; 81; 22; 28; 57; 32; 70; 19; 47; 46; 65; 51; 
90, 52; 95; 42; 28; 56; 81; 86; 29; 28; 45; 37; 52; 20; 53; 60; 34; 5; 52; 98; 42; 27; 79; 45; 20; 12; 44; 84; 50; 95; 30; 82; 15; 13; 69; 10; 72; 42; 16; 74; 21; 46; 1; 31; 36; 6; 80; 31; 77; 17; 20; 86; 98; 11; 48; 11; 77; 5; 85; 87; 24; 96; 1; 60; 13; 73; 16; 60; 12; 66; 87; 96; 63; 34; 20; 20; 65; 75; 48; 41; 46; 97; 80; 42; 19; 36; 6; 14; 37; 43; 91; 50; 13; 95; 7; 75; 79; 38; 61; 30; 23; 
91, 69; 66; 92; 38; 94; 1; 98; 74; 8; 37; 2; 63; 97; 54; 77; 33; 34; 22; 96; 2; 69; 24; 49; 4; 80; 36; 30; 87; 86; 75; 46; 62; 22; 69; 81; 9; 77; 76; 3; 36; 41; 87; 13; 10; 69; 77; 23; 90; 36; 80; 49; 86; 61; 51; 73; 34; 33; 48; 71; 28; 28; 10; 83; 81; 10; 79; 33; 25; 67; 66; 67; 51; 73; 5; 84; 97; 37; 54; 32; 100; 7; 56; 43; 19; 42; 17; 97; 82; 9; 62; 72; 82; 51; 3; 74; 59; 85; 54; 45; 35; 
92, 71; 67; 88; 50; 61; 81; 97; 7; 38; 59; 33; 47; 30; 54; 84; 56; 92; 28; 81; 1; 98; 60; 82; 33; 73; 54; 62; 41; 86; 68; 28; 100; 79; 33; 92; 66; 32; 45; 96; 69; 6; 28; 97; 12; 53; 98; 30; 49; 86; 16; 73; 51; 80; 96; 53; 65; 53; 97; 51; 71; 21; 26; 69; 39; 46; 34; 50; 99; 67; 87; 11; 5; 22; 32; 76; 79; 90; 76; 82; 31; 18; 20; 42; 96; 12; 36; 28; 71; 70; 42; 5; 88; 79; 100; 71; 35; 96; 18; 58; 64; 
93, 53; 13; 56; 65; 34; 7; 79; 28; 19; 59; 15; 48; 47; 44; 11; 71; 50; 50; 100; 13; 86; 97; 45; 81; 48; 18; 79; 31; 1; 20; 61; 34; 31; 24; 77; 79; 75; 78; 69; 94; 96; 45; 92; 18; 93; 85; 12; 89; 69; 7; 97; 61; 72; 69; 90; 94; 51; 40; 53; 20; 21; 8; 30; 5; 92; 16; 96; 89; 31; 92; 82; 90; 14; 52; 24; 23; 4; 90; 18; 49; 46; 63; 19; 50; 16; 46; 40; 86; 57; 50; 1; 87; 64; 63; 97; 20; 61; 9; 85; 14; 
94, 59; 89; 78; 52; 72; 73; 16; 41; 8; 67; 72; 92; 4; 26; 66; 80; 86; 1; 76; 50; 53; 60; 2; 41; 38; 92; 42; 8; 50; 67; 74; 78; 20; 82; 74; 99; 55; 33; 48; 99; 49; 5; 94; 18; 71; 20; 65; 15; 42; 93; 28; 42; 83; 46; 45; 100; 83; 80; 86; 21; 34; 2; 25; 46; 88; 91; 81; 8; 98; 62; 87; 78; 15; 71; 96; 74; 49; 81; 30; 64; 48; 22; 70; 49; 65; 39; 46; 66; 75; 66; 24; 6; 53; 66; 15; 40; 92; 6; 95; 30; 
95, 86; 61; 55; 88; 26; 30; 31; 85; 87; 92; 30; 97; 11; 33; 90; 36; 4; 1; 85; 54; 50; 86; 32; 72; 92; 2; 68; 38; 81; 22; 96; 27; 75; 42; 66; 79; 86; 29; 74; 87; 76; 15; 40; 16; 61; 90; 62; 82; 95; 66; 30; 4; 32; 49; 67; 70; 23; 84; 56; 47; 65; 76; 29; 33; 48; 13; 61; 93; 31; 21; 61; 44; 97; 44; 47; 52; 25; 31; 24; 20; 79; 32; 68; 57; 69; 6; 8; 46; 29; 26; 82; 51; 82; 6; 57; 36; 2; 74; 32; 40; 
96, 6; 97; 48; 51; 37; 17; 74; 17; 84; 55; 44; 2; 27; 9; 44; 59; 97; 6; 23; 37; 46; 66; 3; 98; 51; 35; 8; 21; 60; 72; 70; 63; 21; 93; 36; 88; 54; 96; 94; 23; 28; 79; 84; 44; 29; 54; 22; 32; 61; 24; 80; 54; 95; 34; 79; 92; 87; 56; 15; 80; 22; 13; 25; 86; 49; 34; 12; 17; 68; 58; 83; 71; 90; 41; 74; 97; 5; 95; 30; 66; 15; 92; 52; 99; 60; 39; 54; 41; 4; 100; 13; 96; 29; 23; 19; 50; 94; 75; 92; 100; 
97, 60; 51; 25; 95; 78; 60; 49; 62; 48; 12; 87; 83; 52; 51; 38; 21; 64; 29; 16; 10; 36; 56; 2; 47; 33; 36; 40; 69; 5; 92; 17; 77; 65; 11; 95; 85; 40; 45; 33; 66; 9; 49; 31; 74; 80; 1; 86; 11; 100; 88; 36; 10; 5; 71; 26; 66; 9; 6; 34; 97; 68; 78; 10; 98; 8; 42; 58; 64; 72; 71; 75; 98; 13; 38; 96; 8; 100; 68; 57; 27; 11; 52; 59; 65; 74; 53; 46; 84; 46; 74; 8; 37; 28; 65; 55; 41; 65; 64; 42; 32; 
98, 15; 39; 58; 82; 100; 98; 6; 55; 70; 82; 58; 14; 10; 97; 93; 11; 35; 55; 81; 35; 67; 88; 61; 81; 46; 75; 97; 42; 63; 25; 19; 33; 35; 64; 94; 33; 17; 99; 91; 37; 68; 15; 21; 55; 100; 14; 62; 8; 59; 60; 60; 20; 73; 76; 10; 45; 88; 91; 38; 75; 82; 60; 25; 23; 5; 90; 71; 92; 85; 43; 25; 56; 68; 70; 38; 60; 62; 97; 57; 96; 40; 1; 85; 6; 32; 46; 46; 13; 60; 46; 80; 62; 12; 99; 11; 14; 17; 94; 46; 39; 
99, 43; 84; 14; 26; 67; 51; 90; 98; 3; 68; 11; 20; 49; 25; 90; 34; 18; 62; 35; 2; 96; 38; 51; 11; 26; 92; 22; 83; 80; 95; 34; 42; 83; 36; 59; 42; 70; 19; 44; 56; 48; 73; 8; 31; 22; 96; 34; 96; 82; 64; 43; 10; 14; 27; 69; 79; 74; 41; 30; 85; 16; 30; 43; 32; 91; 76; 11; 12; 55; 25; 40; 91; 41; 54; 16; 16; 39; 3; 74; 23; 82; 4; 19; 63; 76; 35; 60; 2; 16; 60; 35; 48; 47; 70; 10; 61; 60; 16; 33; 21; 
100, 92; 53; 42; 23; 25; 48; 15; 21; 88; 29; 72; 8; 66; 85; 55; 24; 56; 89; 7; 64; 39; 82; 8; 64; 51; 91; 82; 43; 17; 20; 92; 91; 8; 12; 39; 96; 92; 59; 92; 62; 17; 55; 6; 35; 75; 13; 27; 49; 64; 70; 39; 12; 64; 95; 70; 65; 38; 62; 91; 68; 75; 76; 45; 4; 90; 45; 90; 9; 67; 63; 32; 69; 2; 8; 79; 23; 73; 90; 83; 30; 38; 52; 14; 87; 38; 75; 17; 51; 94; 71; 33; 48; 37; 56; 60; 95; 44; 53; 36; 46; 
